Email,Full Name,Username,Password,Age,Location,Bot Preferences
janewilliams914@example.com,Jane Williams,janewilliams914,BXdF2a,36,Albufeira,Talk like Top Gear's Richard Hammond
davidbrown861@example.com,David Brown,davidbrown861,6W268Q,52,Lisboa,Talk like Top Gear's Jeremy Clarkson
davidwilliams204@example.com,David Williams,davidwilliams204,LLXE2,44,Aveiro,Talk like Top Gear's Richard Hammond
mikewilliams879@example.com,Mike Williams,mikewilliams879,POtvZL,69,Coimbra,Talk like Top Gear's Jeremy Clarkson
emilywilson847@example.com,Emily Wilson,emilywilson847,NI7rE,35,Porto,Talk like a car expert
janedavis732@example.com,Jane Davis,janedavis732,mvBUVI,53,Aveiro,Talk like Top Gear's Jeremy Clarkson
davidbrown753@example.com,David Brown,davidbrown753,EUnD0er,44,Aveiro,Talk like a car salesman
janewilson324@example.com,Jane Wilson,janewilson324,7TvQsh,24,Albufeira,Talk like a car salesman
johnbrown202@example.com,John Brown,johnbrown202,4jXn36,52,Lisboa,Talk like a car salesman
danieljohnson115@example.com,Daniel Johnson,danieljohnson115,CUB20,43,Aveiro,Talk like Top Gear's Richard Hammond
johnsmith907@example.com,John Smith,johnsmith907,v0eDp2,31,Albufeira,Talk like Top Gear's Richard Hammond
chrisbrown581@example.com,Chris Brown,chrisbrown581,VmAd4,65,Coimbra,Talk like a butler
janetaylor652@example.com,Jane Taylor,janetaylor652,QdTRMIJ,70,Lisboa,Talk like a butler
janedavis882@example.com,Jane Davis,janedavis882,VqKkTz,45,Coimbra,Talk like a butler
oliviamiller919@example.com,Olivia Miller,oliviamiller919,8nz8U,28,Lisboa,Talk like a car salesman
danielwilliams124@example.com,Daniel Williams,danielwilliams124,AYhqi,50,Albufeira,Talk like Top Gear's Richard Hammond
danielmoore522@example.com,Daniel Moore,danielmoore522,IHzAeqy,32,Coimbra,Talk like a car expert
chrisjohnson141@example.com,Chris Johnson,chrisjohnson141,UvPwoF,69,Albufeira,Talk like a car expert
williammiller452@example.com,William Miller,williammiller452,wUgZN,35,Porto,Talk like Top Gear's Richard Hammond
mikejohnson706@example.com,Mike Johnson,mikejohnson706,jyPnO,38,Coimbra,Talk like Top Gear's Jeremy Clarkson
johnbrown658@example.com,John Brown,johnbrown658,pOya0i,64,Albufeira,Talk like a butler
janejohnson424@example.com,Jane Johnson,janejohnson424,7hG5g66,49,Lisboa,Talk like a car expert
sarahsmith747@example.com,Sarah Smith,sarahsmith747,XkK9Dx,49,Aveiro,Talk like Top Gear's Jeremy Clarkson
oliviajohnson988@example.com,Olivia Johnson,oliviajohnson988,OgH9u,51,Albufeira,Talk like Top Gear's Richard Hammond
davidjohnson807@example.com,David Johnson,davidjohnson807,I2SgH,62,Porto,Talk like a car salesman
emilybrown278@example.com,Emily Brown,emilybrown278,vMUglr,69,Porto,Talk like a car expert
johnjones263@example.com,John Jones,johnjones263,bln7EB,65,Albufeira,Talk like a car salesman
daviddavis186@example.com,David Davis,daviddavis186,DqQp8,65,Coimbra,Talk like Top Gear's Richard Hammond
emilymoore881@example.com,Emily Moore,emilymoore881,DaxWM,24,Coimbra,Talk like Top Gear's Richard Hammond
chrissmith445@example.com,Chris Smith,chrissmith445,3VWPgHJ,54,Porto,Talk like a car salesman
johnwilson969@example.com,John Wilson,johnwilson969,qvIFK3X,60,Coimbra,Talk like a butler
janewilson336@example.com,Jane Wilson,janewilson336,PNJwh,28,Coimbra,Talk like a butler
mikebrown254@example.com,Mike Brown,mikebrown254,0LiI5,20,Coimbra,Talk like a car salesman
oliviawilliams969@example.com,Olivia Williams,oliviawilliams969,nl2N3bE,46,Coimbra,Talk like a car salesman
emilywilliams836@example.com,Emily Williams,emilywilliams836,ANNBIsA,26,Lisboa,Talk like Top Gear's Jeremy Clarkson
janebrown848@example.com,Jane Brown,janebrown848,YJQis,26,Albufeira,Talk like a butler
davidtaylor592@example.com,David Taylor,davidtaylor592,HKnWF,29,Porto,Talk like a butler
johnmiller934@example.com,John Miller,johnmiller934,ktLB2,65,Lisboa,Talk like a butler
sarahwilliams763@example.com,Sarah Williams,sarahwilliams763,MD7sc,36,Porto,Talk like a car expert
chriswilson959@example.com,Chris Wilson,chriswilson959,S8c3rPP,31,Albufeira,Talk like Top Gear's Jeremy Clarkson
emilymiller811@example.com,Emily Miller,emilymiller811,pOlgOv,19,Albufeira,Talk like a car salesman
davidjones210@example.com,David Jones,davidjones210,Btomnyi,68,Aveiro,Talk like Top Gear's Jeremy Clarkson
danielmoore492@example.com,Daniel Moore,danielmoore492,0BMn2,60,Coimbra,Talk like a car salesman
chrisjohnson507@example.com,Chris Johnson,chrisjohnson507,foeKk,61,Aveiro,Talk like Top Gear's Richard Hammond
davidsmith456@example.com,David Smith,davidsmith456,7tdlD,54,Aveiro,Talk like Top Gear's Jeremy Clarkson
janewilliams892@example.com,Jane Williams,janewilliams892,tAd2o6P,61,Albufeira,Talk like Top Gear's Richard Hammond
davidsmith732@example.com,David Smith,davidsmith732,H3POudC,37,Albufeira,Talk like a car expert
emilymiller543@example.com,Emily Miller,emilymiller543,unhHtPo,25,Porto,Talk like a butler
danielbrown919@example.com,Daniel Brown,danielbrown919,FwCGUyO,48,Porto,Talk like a car salesman
janemoore251@example.com,Jane Moore,janemoore251,ueyOw,25,Lisboa,Talk like Top Gear's Richard Hammond
emilysmith899@example.com,Emily Smith,emilysmith899,JvjC5,63,Aveiro,Talk like a car expert
mikewilliams359@example.com,Mike Williams,mikewilliams359,fYukL,53,Lisboa,Talk like a butler
sarahjohnson285@example.com,Sarah Johnson,sarahjohnson285,WeqXe0,41,Aveiro,Talk like Top Gear's Jeremy Clarkson
johnmoore301@example.com,John Moore,johnmoore301,71qlM,34,Coimbra,Talk like Top Gear's Richard Hammond
chrisbrown819@example.com,Chris Brown,chrisbrown819,59jdzSb,69,Albufeira,Talk like Top Gear's Jeremy Clarkson
danielbrown136@example.com,Daniel Brown,danielbrown136,DQMsmTG,49,Coimbra,Talk like Top Gear's Richard Hammond
emilyjones708@example.com,Emily Jones,emilyjones708,02h7Cx,49,Aveiro,Talk like a butler
chriswilson386@example.com,Chris Wilson,chriswilson386,Xy78xS2,33,Lisboa,Talk like Top Gear's Richard Hammond
oliviadavis579@example.com,Olivia Davis,oliviadavis579,vu56v,55,Lisboa,Talk like a car expert
johntaylor866@example.com,John Taylor,johntaylor866,EBn148,33,Lisboa,Talk like Top Gear's Jeremy Clarkson
oliviataylor147@example.com,Olivia Taylor,oliviataylor147,pxoSBKP,49,Aveiro,Talk like a car expert
danielmiller585@example.com,Daniel Miller,danielmiller585,zkvXj8,42,Lisboa,Talk like a butler
johnbrown834@example.com,John Brown,johnbrown834,u4StZ,26,Lisboa,Talk like a butler
chrissmith591@example.com,Chris Smith,chrissmith591,auJUXyO,51,Coimbra,Talk like a car expert
chriswilson243@example.com,Chris Wilson,chriswilson243,w8Stoj,64,Albufeira,Talk like a car salesman
oliviawilliams556@example.com,Olivia Williams,oliviawilliams556,6jh8LOa,69,Coimbra,Talk like a car salesman
sarahjones404@example.com,Sarah Jones,sarahjones404,bVZqvIh,64,Albufeira,Talk like a car expert
chriswilson266@example.com,Chris Wilson,chriswilson266,uOGp4,37,Porto,Talk like a butler
sarahtaylor874@example.com,Sarah Taylor,sarahtaylor874,o7xdTKU,24,Aveiro,Talk like a car salesman
mikedavis799@example.com,Mike Davis,mikedavis799,LmJwMv,60,Porto,Talk like a car salesman
chrismoore633@example.com,Chris Moore,chrismoore633,LPv1E,33,Porto,Talk like a butler
chrisjohnson980@example.com,Chris Johnson,chrisjohnson980,eeoPE0,61,Aveiro,Talk like Top Gear's Jeremy Clarkson
chriswilson215@example.com,Chris Wilson,chriswilson215,HnrWC3,65,Porto,Talk like a car salesman
oliviajohnson422@example.com,Olivia Johnson,oliviajohnson422,hyOwdH,18,Porto,Talk like a butler
williamtaylor534@example.com,William Taylor,williamtaylor534,2C33l,27,Lisboa,Talk like a car expert
sarahtaylor595@example.com,Sarah Taylor,sarahtaylor595,E8MtI4,69,Aveiro,Talk like a butler
johndavis798@example.com,John Davis,johndavis798,tckabn,49,Albufeira,Talk like a car expert
johnmoore380@example.com,John Moore,johnmoore380,5aplBUD,67,Coimbra,Talk like Top Gear's Jeremy Clarkson
williambrown952@example.com,William Brown,williambrown952,MSRERU,57,Lisboa,Talk like Top Gear's Jeremy Clarkson
danielwilliams553@example.com,Daniel Williams,danielwilliams553,EFVQrV7,61,Coimbra,Talk like Top Gear's Richard Hammond
johnwilson937@example.com,John Wilson,johnwilson937,123vfV,36,Albufeira,Talk like a car expert
janebrown941@example.com,Jane Brown,janebrown941,2Dabe5p,23,Porto,Talk like a car salesman
oliviasmith224@example.com,Olivia Smith,oliviasmith224,50TBhqs,20,Aveiro,Talk like a butler
emilymoore991@example.com,Emily Moore,emilymoore991,G3MPa9,61,Lisboa,Talk like a car expert
janemoore579@example.com,Jane Moore,janemoore579,WId6ef,35,Aveiro,Talk like Top Gear's Jeremy Clarkson
sarahsmith369@example.com,Sarah Smith,sarahsmith369,dlpZY,23,Porto,Talk like Top Gear's Richard Hammond
johnsmith192@example.com,John Smith,johnsmith192,xAV4d,58,Porto,Talk like Top Gear's Jeremy Clarkson
mikejohnson281@example.com,Mike Johnson,mikejohnson281,J89iAt,28,Porto,Talk like a car expert
sarahjohnson549@example.com,Sarah Johnson,sarahjohnson549,3pi1x8,30,Albufeira,Talk like a butler
janejohnson643@example.com,Jane Johnson,janejohnson643,t3Vum,53,Porto,Talk like a butler
danielwilson917@example.com,Daniel Wilson,danielwilson917,4B8t9mi,46,Aveiro,Talk like a butler
danieljones743@example.com,Daniel Jones,danieljones743,zrI7EV,48,Porto,Talk like Top Gear's Richard Hammond
danieltaylor453@example.com,Daniel Taylor,danieltaylor453,Ti7UB,36,Porto,Talk like Top Gear's Richard Hammond
williamwilliams237@example.com,William Williams,williamwilliams237,t5fVTrE,61,Coimbra,Talk like Top Gear's Jeremy Clarkson
danieldavis120@example.com,Daniel Davis,danieldavis120,j6JFED,31,Coimbra,Talk like a car expert
mikemoore375@example.com,Mike Moore,mikemoore375,Pym5fig,34,Coimbra,Talk like a car salesman
johnjohnson510@example.com,John Johnson,johnjohnson510,3jVh4YT,30,Porto,Talk like a butler
oliviajohnson419@example.com,Olivia Johnson,oliviajohnson419,Ufs1T,70,Aveiro,Talk like a butler
williammiller306@example.com,William Miller,williammiller306,CeP9gMj,33,Aveiro,Talk like Top Gear's Richard Hammond
johntaylor958@example.com,John Taylor,johntaylor958,75qnjq,60,Aveiro,Talk like Top Gear's Jeremy Clarkson
emilywilliams301@example.com,Emily Williams,emilywilliams301,1Gelp7,31,Aveiro,Talk like a car salesman
chrissmith404@example.com,Chris Smith,chrissmith404,bZalj,48,Coimbra,Talk like a car expert
emilyjones130@example.com,Emily Jones,emilyjones130,HgsIJeb,57,Coimbra,Talk like Top Gear's Richard Hammond
sarahbrown144@example.com,Sarah Brown,sarahbrown144,oMGGm52,44,Lisboa,Talk like Top Gear's Richard Hammond
sarahdavis615@example.com,Sarah Davis,sarahdavis615,Ch0TfHd,56,Lisboa,Talk like a car expert
danielmoore621@example.com,Daniel Moore,danielmoore621,mDjEXRE,40,Aveiro,Talk like a car expert
janebrown104@example.com,Jane Brown,janebrown104,fOw6Kl,28,Aveiro,Talk like a butler
johnsmith989@example.com,John Smith,johnsmith989,7XhXI7,66,Porto,Talk like a butler
davidwilson828@example.com,David Wilson,davidwilson828,k8gKv,70,Aveiro,Talk like a car salesman
oliviajohnson543@example.com,Olivia Johnson,oliviajohnson543,MwrPKXv,56,Lisboa,Talk like Top Gear's Jeremy Clarkson
sarahtaylor173@example.com,Sarah Taylor,sarahtaylor173,1ePKFt,19,Coimbra,Talk like a butler
chrisjones538@example.com,Chris Jones,chrisjones538,0KcrM,41,Albufeira,Talk like a butler
johnsmith151@example.com,John Smith,johnsmith151,CML6a,70,Lisboa,Talk like Top Gear's Jeremy Clarkson
williamjohnson548@example.com,William Johnson,williamjohnson548,MJjBdK,70,Albufeira,Talk like Top Gear's Jeremy Clarkson
davidjones676@example.com,David Jones,davidjones676,iL6LX,54,Coimbra,Talk like a car expert
janewilliams753@example.com,Jane Williams,janewilliams753,CI5e07b,44,Albufeira,Talk like a car salesman
williamjones714@example.com,William Jones,williamjones714,PGLB5Y,41,Coimbra,Talk like Top Gear's Richard Hammond
johnmoore955@example.com,John Moore,johnmoore955,fg1t09,22,Aveiro,Talk like Top Gear's Jeremy Clarkson
mikewilliams860@example.com,Mike Williams,mikewilliams860,BTJBo,32,Porto,Talk like a car salesman
mikemiller761@example.com,Mike Miller,mikemiller761,IKLnkoI,52,Lisboa,Talk like a butler
oliviabrown865@example.com,Olivia Brown,oliviabrown865,HoEYZtH,59,Aveiro,Talk like a car expert
sarahmoore154@example.com,Sarah Moore,sarahmoore154,t1KSRL,41,Coimbra,Talk like Top Gear's Jeremy Clarkson
danieldavis798@example.com,Daniel Davis,danieldavis798,1m2Nuys,58,Aveiro,Talk like a car salesman
emilytaylor715@example.com,Emily Taylor,emilytaylor715,RKtwN0,59,Albufeira,Talk like Top Gear's Jeremy Clarkson
sarahwilson696@example.com,Sarah Wilson,sarahwilson696,NdSGx7,34,Aveiro,Talk like a car salesman
williamjohnson423@example.com,William Johnson,williamjohnson423,u0HroO4,25,Albufeira,Talk like a car expert
davidwilson609@example.com,David Wilson,davidwilson609,cH5eW,63,Aveiro,Talk like a car salesman
johnmoore113@example.com,John Moore,johnmoore113,g0Q5V,47,Porto,Talk like a car salesman
oliviamoore190@example.com,Olivia Moore,oliviamoore190,joGzJ,62,Albufeira,Talk like a car salesman
sarahdavis556@example.com,Sarah Davis,sarahdavis556,IBkokHJ,35,Lisboa,Talk like a car expert
johnmoore441@example.com,John Moore,johnmoore441,otubti,25,Aveiro,Talk like a car expert
emilybrown656@example.com,Emily Brown,emilybrown656,9oTg5,19,Porto,Talk like a car salesman
mikedavis769@example.com,Mike Davis,mikedavis769,TvEMbn,70,Coimbra,Talk like Top Gear's Richard Hammond
johndavis423@example.com,John Davis,johndavis423,Wu1v3,41,Albufeira,Talk like Top Gear's Jeremy Clarkson
janemiller180@example.com,Jane Miller,janemiller180,8uW64,43,Albufeira,Talk like Top Gear's Jeremy Clarkson
chrisdavis163@example.com,Chris Davis,chrisdavis163,f81QYVU,28,Coimbra,Talk like Top Gear's Richard Hammond
davidwilliams552@example.com,David Williams,davidwilliams552,5Dk42,49,Albufeira,Talk like a car salesman
williamwilson293@example.com,William Wilson,williamwilson293,xU8ni,26,Porto,Talk like a car expert
sarahbrown125@example.com,Sarah Brown,sarahbrown125,2VDudc,32,Albufeira,Talk like a car expert
davidjones475@example.com,David Jones,davidjones475,1QqUyM5,61,Aveiro,Talk like a butler
davidwilliams531@example.com,David Williams,davidwilliams531,OaMrtS,37,Coimbra,Talk like a car expert
chrisbrown560@example.com,Chris Brown,chrisbrown560,UlWcW,54,Lisboa,Talk like a butler
chriswilson362@example.com,Chris Wilson,chriswilson362,CBrcJNG,35,Lisboa,Talk like Top Gear's Richard Hammond
johnbrown683@example.com,John Brown,johnbrown683,3MkO5,60,Porto,Talk like a car salesman
mikedavis309@example.com,Mike Davis,mikedavis309,9zPX4R,55,Coimbra,Talk like Top Gear's Richard Hammond
johntaylor234@example.com,John Taylor,johntaylor234,nh5j66,20,Aveiro,Talk like Top Gear's Jeremy Clarkson
davidtaylor229@example.com,David Taylor,davidtaylor229,VinWG,47,Aveiro,Talk like a car salesman
chrismoore402@example.com,Chris Moore,chrismoore402,jWIQBPn,64,Lisboa,Talk like Top Gear's Richard Hammond
mikedavis780@example.com,Mike Davis,mikedavis780,9ruJIo,55,Albufeira,Talk like Top Gear's Jeremy Clarkson
davidjones617@example.com,David Jones,davidjones617,evlN9g4,24,Aveiro,Talk like Top Gear's Jeremy Clarkson
